,label,darker,gradient,reddish,metallic,colorful,black,black_thin,dominating_color,color_bin_1,color_bin_2,color_bin_3,color_bin_4,color_bin_5,color_bin_6,color_bin_7,color_bin_8,color_bin_9,color_entropy,rough,dominating_texture,texture_0,texture_1,texture_2,texture_3,texture_4,texture_5,texture_6,texture_7,texture_8,texture_9,rough_entropy,lengthy,number_lengthy_objects,lengthy_aspect_ratio,rel_length,circle,in_shape,roundness
0,Crack,0.0,0.9755772564313611,0.22939068100358423,0.0005120327700972862,0.045570916538658475,0.014336917562724014,0.6574500768049155,1,0.5657962109575013,0.4321556579621096,0.002048131080389145,0.0,0.0,0.0,0.0,0.0,0.0,1.0062480781023926,0.0,9,0.10855094726062468,0.10343061955965181,0.03789042498719918,0.044034818228366614,0.09933435739887353,0.07578084997439836,0.05837173579109063,0.1003584229390681,0.08499743983614952,0.2872503840245776,3.0679435892846136,0.031746031746031744,1,12.428571826058631,0.10799640913447074,0,0.09779825908858167,0.0
1,Crack,0.0,0.9597633895192497,0.2559090909090909,0.004545454545454545,0.04181818181818182,0.0009090909090909091,0.24363636363636362,2,0.4309090909090909,0.5518181818181818,0.017272727272727273,0.0,0.0,0.0,0.0,0.0,0.0,1.0978101580207473,0.0,9,0.09272727272727273,0.0959090909090909,0.04181818181818182,0.06409090909090909,0.08863636363636364,0.0809090909090909,0.06772727272727273,0.105,0.09909090909090909,0.2640909090909091,3.133684835065003,0.0,0,1.0,0.0,0,0.0,0.0
2,Crack,0.22565157750342935,0.9870158672236763,0.23319615912208505,0.0,0.019204389574759947,0.006172839506172839,0.37105624142661175,1,0.6824417009602195,0.3148148148148148,0.0027434842249657062,0.0,0.0,0.0,0.0,0.0,0.0,0.9244534957667218,0.0,9,0.10150891632373114,0.10356652949245541,0.04938271604938271,0.053497942386831275,0.10425240054869685,0.08710562414266118,0.05829903978052126,0.12139917695473251,0.08847736625514403,0.23251028806584362,3.1681441345882684,0.0,0,1.0,0.0,0,0.0,0.0
3,Rust,0.46245239908606245,0.9772237398677416,0.8982482863670983,0.0,0.8603198781416603,0.0001523229246001523,0.06062452399086063,1,0.895963442498096,0.07936024371667937,0.0,0.0,0.0,0.0,0.0,0.0,0.024676313785224675,0.5638857573784026,0.0,9,0.10601675552170602,0.10205635948210205,0.05742574257425743,0.05605483625285605,0.055445544554455446,0.05468392993145468,0.07204874333587205,0.107996953541508,0.1185072353389185,0.26976389946686974,3.104392486738776,0.0,0,1.0,0.06201857805912969,0,0.02025894897182026,0.0
4,Rust,0.9616053385967386,0.872921064293039,0.6379059166314206,0.00032896282720052636,0.5345175995112552,0.09008881996334414,0.4123314065510597,1,0.7357958550683773,0.16213167912025941,0.011983645848019173,0.004699468960007519,0.003195638892805113,0.0053573946144085715,0.010996757366417595,0.011701677710418723,0.05413788241928662,1.3053913390598317,0.6323135485690117,9,0.0685652521265097,0.07885708914892617,0.07754123784012407,0.10193148174256308,0.1286244654354058,0.10277738615536444,0.08473142534893557,0.0839325156257343,0.08360355279853376,0.1894355937779031,3.24960842320247,0.07237182198411579,2,4.2818507915709825,0.2703641564192159,0,0.14027914845622444,0.0
5,Rust,0.38650306748466257,0.9747765228668036,0.8445807770961146,0.011630879345603272,0.8756390593047034,0.07004089979550102,0.2800357873210634,1,0.8325664621676891,0.15247955010224948,0.009969325153374233,0.0021728016359918202,0.0008946830265848671,0.0003834355828220859,0.0,0.0,0.0015337423312883436,0.7470740740584385,0.2207310838445808,9,0.08627300613496933,0.0869120654396728,0.0709355828220859,0.0706799591002045,0.10608384458077709,0.08410020449897751,0.0678680981595092,0.09803169734151329,0.09752044989775051,0.23159509202453987,3.204086257636151,0.8209355828220859,0,1.0,0.0,0,0.8254089979550102,0.35553391302484516
6,Rust,0.0,0.9755283701221449,0.9141914191419142,0.0,0.47854785478547857,0.0,0.0,1,0.9867986798679867,0.013201320132013201,0.0,0.0,0.0,0.0,0.0,0.0,0.0,0.10133734787812126,0.0,9,0.0462046204620462,0.066006600660066,0.039603960396039604,0.09570957095709572,0.14521452145214522,0.1419141914191419,0.08250825082508251,0.11221122112211221,0.06930693069306931,0.20132013201320131,3.159772365774244,0.039603960396039604,0,1.0,0.0,0,0.0,0.0
7,Rust,0.2032520325203252,0.9541284403669724,0.18699186991869918,0.0,0.016260162601626018,0.0,0.0,1,0.5853658536585366,0.016260162601626018,0.0,0.0,0.0,0.0,0.0,0.0,0.3983739837398374,1.0778365991157304,0.24390243902439024,4,0.07317073170731707,0.056910569105691054,0.04878048780487805,0.10569105691056911,0.1951219512195122,0.056910569105691054,0.07317073170731707,0.10569105691056911,0.0975609756097561,0.18699186991869918,3.1605356303308145,0.0,0,1.0,0.0,0,1.0,0.7885518698081416
8,Rust,0.987465335551858,0.9080055343107758,0.9325568496949529,0.0,0.8481419855795895,0.000776483638380477,0.05867997781475319,1,0.9393233499722684,0.051136993899057126,0.001552967276760954,0.0,0.0,0.0,0.0,0.0,0.007986688851913478,0.3743214073916015,0.15074875207986688,9,0.06589018302828618,0.07409872434830837,0.07465335551858014,0.0980587909040488,0.1211314475873544,0.1048252911813644,0.07753743760399334,0.09284525790349418,0.08973932334997227,0.2012201885745979,3.2366917978325493,0.0,0,1.0,0.0,0,0.00887409872434831,0.0
9,Rust,0.6919014084507042,1.0051917963478947,0.9242957746478874,0.0,0.7482394366197183,0.0,0.1619718309859155,1,0.9727112676056338,0.027288732394366196,0.0,0.0,0.0,0.0,0.0,0.0,0.0,0.18060719115955853,0.0,9,0.07658450704225352,0.09507042253521127,0.06426056338028169,0.06690140845070422,0.05721830985915493,0.07834507042253522,0.061619718309859156,0.10123239436619719,0.13996478873239437,0.25880281690140844,3.1301247359552447,0.0,0,1.0,0.0,0,0.0,0.0
10,Rust,0.41361592806679515,0.9949049059574651,0.7854849068721901,0.0,0.33204881181759793,0.0,0.0,1,0.8246628131021194,0.17533718689788053,0.0,0.0,0.0,0.0,0.0,0.0,0.0,0.6697695675914603,0.0,9,0.08863198458574181,0.08477842003853564,0.0674373795761079,0.07129094412331406,0.07578676942838793,0.08542068079640334,0.07000642260757868,0.11560693641618497,0.10661528580603725,0.23442517662170842,3.1942586266220214,0.0,0,1.0,0.0,0,0.0,0.0
11,Rust,0.0,1.0163009166298782,0.9385026737967914,0.0,0.6524064171122995,0.0,0.0,1,0.9358288770053476,0.06417112299465241,0.0,0.0,0.0,0.0,0.0,0.0,0.0,0.34378486320682705,0.0,9,0.0962566844919786,0.11497326203208556,0.0481283422459893,0.0427807486631016,0.06417112299465241,0.040106951871657755,0.0748663101604278,0.08823529411764706,0.14171122994652408,0.2887700534759358,3.0353266214826724,0.0,0,1.0,0.0,0,0.0,0.0
12,ExposedRebars,1.0,0.7942718389802842,0.46805678793256433,0.0,0.4631765749778172,0.5048802129547472,-0.02617568766637096,1,0.7329192546583851,0.05456965394853593,0.015527950310559006,0.01419698314108252,0.009760425909494233,0.015527950310559006,0.02839396628216504,0.019964507542147295,0.10913930789707187,1.5038639929911621,1.0,4,0.04214729370008873,0.05634427684117125,0.09538598047914817,0.1233362910381544,0.16637089618456077,0.12688553682342502,0.09716060337178349,0.08207630878438332,0.07142857142857142,0.1388642413487134,3.220828579922777,0.10692102928127772,0,1.0,0.0,0,0.052795031055900624,0.0
13,Rust,1.0,0.7942718389802842,0.46805678793256433,0.0,0.4631765749778172,0.5048802129547472,-0.02617568766637096,1,0.7329192546583851,0.05456965394853593,0.015527950310559006,0.01419698314108252,0.009760425909494233,0.015527950310559006,0.02839396628216504,0.019964507542147295,0.10913930789707187,1.5038639929911621,1.0,4,0.04214729370008873,0.05634427684117125,0.09538598047914817,0.1233362910381544,0.16637089618456077,0.12688553682342502,0.09716060337178349,0.08207630878438332,0.07142857142857142,0.1388642413487134,3.220828579922777,0.10692102928127772,0,1.0,0.0,0,0.052795031055900624,0.0
14,Rust,1.0,0.9826106984510855,1.0,0.0,0.5630252100840336,0.0,0.0,1,1.0,0.0,0.0,0.0,0.0,0.0,0.0,0.0,0.0,0.0,0.0,9,0.08403361344537816,0.05042016806722689,0.04201680672268908,0.04201680672268908,0.15966386554621848,0.12605042016806722,0.13445378151260504,0.06722689075630252,0.09243697478991597,0.20168067226890757,3.135530650585691,0.0,0,1.0,0.0,0,0.0,0.0
15,Rust,1.0,0.9777951933124346,1.0,0.0,0.7777777777777778,0.0,0.0,1,1.0,0.0,0.0,0.0,0.0,0.0,0.0,0.0,0.0,0.0,0.0,4,0.0,0.04040404040404041,0.050505050505050504,0.06060606060606061,0.30303030303030304,0.29292929292929293,0.030303030303030304,0.1111111111111111,0.04040404040404041,0.0707070707070707,2.65291518606652,0.0,0,1.0,0.0,0,0.0,0.0
16,ExposedRebars,0.15367483296213807,0.8504401255742897,0.15460282108389012,0.17947290274684485,0.10987379361544172,0.05011135857461024,0.8659985152190052,2,0.2787676317743133,0.2897178916109874,0.1252783964365256,0.11674090571640683,0.06384558277654045,0.05196733481811433,0.025612472160356347,0.012249443207126948,0.0358203414996288,2.6290916775507958,0.0,9,0.08741648106904232,0.08630289532293986,0.06365998515219005,0.08834446919079436,0.10857461024498886,0.08351893095768374,0.05734966592427617,0.0935412026726058,0.09966592427616927,0.23162583518930957,3.1981268440768056,1.0,0,1.0,0.0,1,0.9513734224201931,0.4184526332329652
17,Rust,0.1562731997030438,0.8319414705737396,0.15219005196733482,0.1785449146250928,0.10746102449888642,0.053452115812917596,0.8836302895322939,2,0.2720861172976986,0.2852635486265776,0.12639198218262807,0.10634743875278396,0.07925018559762435,0.050482553823311065,0.028953229398663696,0.012991833704528583,0.03823311061618411,2.664897532084565,0.0,9,0.0872308834446919,0.08853006681514476,0.06440237564959168,0.0892724573125464,0.10746102449888642,0.08147735708982926,0.0580920564216778,0.09391239792130661,0.09725315515961395,0.2323682256867112,3.1983841237788386,1.0,0,1.0,0.0,1,0.9591685226429102,0.41383160978681144
18,Crack,0.0,0.9523226093607239,0.0010905125408942203,0.1406761177753544,0.0021810250817884407,0.10359869138495092,0.7840785169029444,5,0.011995637949836423,0.173391494002181,0.1668484187568157,0.21701199563794984,0.3042529989094875,0.08396946564885496,0.027262813522355506,0.0054525627044711015,0.009814612868047983,2.4947816782504293,0.0,9,0.1025081788440567,0.0861504907306434,0.04252998909487459,0.061068702290076333,0.17011995637949837,0.07415485278080698,0.05561613958560523,0.09596510359869138,0.0916030534351145,0.2202835332606325,3.147670103974571,0.8920392584514721,0,1.0,0.0,0,0.836423118865867,0.33601714293922136
19,Rust,0.41130932346011445,0.9400938335693602,0.09660047122181084,0.03315382026253787,0.04914170313025917,0.1001346348030966,0.6125883540895322,2,0.19336923594749242,0.34045775833052844,0.17771794008751263,0.12790306294177045,0.07691013126893302,0.035509929316728375,0.018007404914170314,0.00841467519353753,0.021709861999326827,2.5479663917846143,0.0,9,0.08280040390440929,0.08936385055536857,0.06765398855604174,0.09104678559407607,0.10215415684954561,0.07859306630764053,0.061258835408953216,0.09710535173342309,0.10148098283406261,0.2285425782564793,3.2063494184906447,1.0,0,1.0,0.0,0,0.9434533826994278,0.33601714293922136
20,Rust,0.0,0.8432792188343475,0.06349206349206349,0.38748832866479926,0.04793028322440087,0.00902583255524432,0.5695611577964519,5,0.17678182384064736,0.09212573918456271,0.06691565515094927,0.0915032679738562,0.25739184562713974,0.10768751945222534,0.045440398381574855,0.029878618113912233,0.13227513227513227,2.9258477108132204,0.0,9,0.07936507936507936,0.07469654528478058,0.07469654528478058,0.10239651416122005,0.1229380641145347,0.10115157173980703,0.07594148770619359,0.0843448490507314,0.0843448490507314,0.2001244942421413,3.2407538350375154,0.0,0,1.0,0.0,0,1.0,0.8331284773119491
21,Rust,0.0,0.9535621255694824,0.012031625988312134,0.3509797181161911,0.0024063251976624267,0.005500171880371262,0.6218631832244758,5,0.046063939498109316,0.1430044688896528,0.1158473702303197,0.26194568580268135,0.31763492609144034,0.08319009969061533,0.007906497078033689,0.0037813681677552422,0.020625644551392232,2.4974028136145874,0.0,9,0.10003437607425232,0.09900309384668271,0.049845307665864556,0.059126847713991064,0.0814712959779993,0.07425232038501203,0.061533172911653486,0.10794087315228601,0.0986593331041595,0.268133379168099,3.1257681505462633,0.5269852182880715,2,5.045553688962463,0.4223277348574862,1,0.5242351323478859,0.48575444184237193
22,Rust,0.0646900269541779,0.8972763713146426,0.1293800539083558,0.05660377358490566,0.11590296495956873,0.11590296495956873,0.7681940700808625,2,0.23180592991913745,0.38274932614555257,0.1105121293800539,0.12668463611859837,0.11859838274932614,0.018867924528301886,0.0026954177897574125,0.005390835579514825,0.0026954177897574125,2.307473102317084,0.0,4,0.06199460916442048,0.05390835579514825,0.029649595687331536,0.10242587601078167,0.21024258760107817,0.1778975741239892,0.06199460916442048,0.0862533692722372,0.05929919137466307,0.15633423180592992,3.0930673349265456,0.9083557951482479,0,1.0,0.0,0,0.7870619946091644,0.7274119186557315
23,Rust,0.0,0.8585588461107134,0.05673758865248227,0.03546099290780142,0.014184397163120567,0.1702127659574468,0.6595744680851063,4,0.2198581560283688,0.1773049645390071,0.18439716312056736,0.3120567375886525,0.10638297872340426,0.0,0.0,0.0,0.0,2.240925301390294,0.0,9,0.0851063829787234,0.09219858156028368,0.028368794326241134,0.07092198581560284,0.1276595744680851,0.11347517730496454,0.03546099290780142,0.11347517730496454,0.11347517730496454,0.2198581560283688,3.1353462217906145,0.7943262411347518,0,1.0,0.0,0,0.8723404255319149,0.7735865920798776
24,Rust,0.0,0.9667571656545977,0.1814814814814815,0.18888888888888888,0.23333333333333334,0.014814814814814815,0.9444444444444444,2,0.1962962962962963,0.3925925925925926,0.13703703703703704,0.11851851851851852,0.14814814814814814,0.003703703703703704,0.0,0.0,0.003703703703703704,2.2161998540904078,0.0,9,0.07037037037037037,0.06666666666666667,0.04814814814814815,0.08888888888888889,0.18888888888888888,0.09259259259259259,0.08888888888888889,0.07037037037037037,0.08888888888888889,0.1962962962962963,3.174323770379204,0.9148148148148149,1,3.947368580545648,0.9963367523183821,0,0.9407407407407408,0.630183753278856
25,Rust,0.8771929824561403,0.9824074148830525,0.19883040935672514,0.0,0.19298245614035087,0.30409356725146197,0.39181286549707606,2,0.3508771929824561,0.391812865497076,0.22807017543859648,0.029239766081871343,0.0,0.0,0.0,0.0,0.0,1.6951522896973226,0.0,9,0.07017543859649122,0.10526315789473684,0.05847953216374269,0.05847953216374269,0.14619883040935672,0.10526315789473684,0.07602339181286549,0.05847953216374269,0.14035087719298245,0.18128654970760233,3.2037238620981716,1.0,0,1.0,0.0,0,1.0,0.6007200518226598
26,Rust,0.25602755453501724,0.9188995892933013,0.09758897818599312,0.06544202066590127,0.07692307692307693,0.14925373134328357,0.7014925373134329,5,0.1791044776119403,0.1113662456946039,0.03788748564867968,0.10907003444316878,0.34902411021814006,0.15614236509758897,0.04362801377726751,0.004592422502870264,0.009184845005740528,2.5679046415808577,0.0,9,0.07577497129735936,0.09529276693455797,0.05855338691159587,0.06314580941446613,0.1113662456946039,0.07462686567164178,0.05970149253731343,0.1079219288174512,0.12055109070034443,0.2330654420206659,3.175730512677596,0.0,0,1.0,0.0,0,1.0,0.8120219937579539
27,Rust,0.0,1.005511896965728,0.0,0.46919431279620855,0.0,0.04739336492890995,0.90521327014218,5,0.0,0.04265402843601896,0.24644549763033174,0.27014218009478674,0.4028436018957346,0.037914691943127965,0.0,0.0,0.0,1.9096055833260832,0.0,9,0.09004739336492891,0.07582938388625593,0.04265402843601896,0.0947867298578199,0.16113744075829384,0.0995260663507109,0.07582938388625593,0.061611374407582936,0.10426540284360189,0.1943127962085308,3.1961524764691855,0.0,0,1.0,0.0,0,1.0,0.7474718790876176
28,Rust,0.0,0.933543307086614,0.13131313131313133,0.3434343434343434,0.10101010101010101,0.010101010101010102,0.9797979797979799,2,0.16161616161616163,0.3434343434343434,0.12121212121212122,0.25252525252525254,0.12121212121212122,0.0,0.0,0.0,0.0,2.1939097376130703,0.0,4,0.050505050505050504,0.050505050505050504,0.04040404040404041,0.09090909090909091,0.20202020202020202,0.18181818181818182,0.18181818181818182,0.06060606060606061,0.050505050505050504,0.09090909090909091,3.0742737069152715,0.0,0,1.0,0.0,0,0.898989898989899,0.7474718790876176
29,Rust,0.0,0.9499078304079506,0.1,0.225,0.025,0.0,0.0,5,0.16666666666666666,0.19166666666666668,0.09166666666666666,0.21666666666666667,0.325,0.0,0.0,0.0,0.008333333333333333,2.266254313113811,0.0,4,0.08333333333333333,0.058333333333333334,0.03333333333333333,0.016666666666666666,0.25833333333333336,0.15,0.06666666666666667,0.05,0.11666666666666667,0.16666666666666666,2.983883871757583,0.775,1,2.65217425496526,1.033304781545995,0,0.7333333333333333,0.7874405315386889
30,Rust,0.0,0.8974555042847726,0.17567567567567569,0.0,0.1981981981981982,0.05405405405405406,0.8918918918918919,2,0.1891891891891892,0.6171171171171171,0.15315315315315314,0.04054054054054054,0.0,0.0,0.0,0.0,0.0,1.4862591603240138,0.0,9,0.05405405405405406,0.08108108108108109,0.07207207207207207,0.04504504504504504,0.13063063063063063,0.14414414414414414,0.0990990990990991,0.10810810810810811,0.08108108108108109,0.18468468468468469,3.2041284443464124,0.0,0,1.0,0.8096521017408197,0,0.8693693693693694,0.8910876276806361
31,Rust,0.0,0.9180064931918399,0.008733624454148471,0.0,0.15283842794759825,0.07860262008733625,0.8427947598253276,2,0.0,0.8558951965065502,0.14410480349344978,0.0,0.0,0.0,0.0,0.0,0.0,0.5948887864139318,0.0,9,0.048034934497816595,0.08296943231441048,0.03056768558951965,0.05240174672489083,0.17903930131004367,0.11790393013100436,0.043668122270742356,0.1572052401746725,0.06986899563318777,0.2183406113537118,3.0575164943817317,0.0,0,1.0,0.0,0,0.0,0.0
32,Rust,0.0,1.0099042588312974,0.09259259259259259,0.027777777777777776,0.009259259259259259,0.027777777777777776,0.9444444444444444,2,0.25,0.5370370370370371,0.08333333333333333,0.046296296296296294,0.08333333333333333,0.0,0.0,0.0,0.0,1.7843953653466975,0.0,7,0.1111111111111111,0.10185185185185185,0.027777777777777776,0.05555555555555555,0.12037037037037036,0.06481481481481481,0.07407407407407407,0.18518518518518517,0.07407407407407407,0.18518518518518517,3.1440330122941496,0.0,0,1.0,0.0,0,0.8148148148148148,0.7460435956250614
33,Rust,0.0,0.8840496980481392,0.31444759206798867,0.17563739376770537,0.2096317280453258,0.053824362606232294,0.8895184135977338,1,0.43059490084985835,0.33994334277620397,0.09348441926345609,0.05099150141643059,0.0821529745042493,0.0028328611898017,0.0,0.0,0.0,1.9113516867557767,0.0,4,0.059490084985835696,0.053824362606232294,0.056657223796033995,0.09631728045325778,0.26912181303116145,0.1388101983002833,0.0679886685552408,0.06515580736543909,0.059490084985835696,0.13314447592067988,3.083909587999373,0.7110481586402266,1,4.969697479600088,1.0733128527813078,1,0.7932011331444759,0.5476980384760124
34,Rust,0.0,0.9083536090835361,0.271523178807947,0.0,0.25165562913907286,0.152317880794702,0.695364238410596,2,0.3443708609271523,0.6556291390728477,0.0,0.0,0.0,0.0,0.0,0.0,0.0,0.9289400324958196,0.0,4,0.10596026490066225,0.059602649006622516,0.026490066225165563,0.046357615894039736,0.23178807947019867,0.12582781456953643,0.0728476821192053,0.11920529801324503,0.06622516556291391,0.1456953642384106,3.1002887644525483,0.7086092715231788,1,3.253967792341924,0.9024882810386091,0,0.8543046357615894,0.6690136726237655
35,Rust,0.0,0.9559785452642594,0.028985507246376812,0.4251207729468599,0.01932367149758454,0.028985507246376812,0.9420289855072463,2,0.10628019323671498,0.6038647342995169,0.2898550724637681,0.0,0.0,0.0,0.0,0.0,0.0,1.3010040254737574,0.0,4,0.10144927536231885,0.07729468599033816,0.043478260869565216,0.06280193236714976,0.18840579710144928,0.1497584541062802,0.07729468599033816,0.05314009661835749,0.06280193236714976,0.18357487922705315,3.1419643051491297,0.0,0,1.0,0.8567736348560533,0,0.7294685990338164,0.8756802151295775
36,Rust,0.0,0.9928709498057713,0.044526143790849675,0.7066993464052288,0.02696078431372549,0.015522875816993464,0.41830065359477125,5,0.08455882352941177,0.059640522875817,0.03431372549019608,0.07720588235294118,0.5412581699346405,0.1454248366013072,0.03104575163398693,0.008986928104575163,0.017565359477124183,2.199083433482786,0.0,9,0.09109477124183006,0.08619281045751634,0.06413398692810457,0.07393790849673203,0.12540849673202614,0.09313725490196079,0.07230392156862746,0.0923202614379085,0.08537581699346405,0.21609477124183007,3.2182802257075847,0.5714869281045751,2,4.591527300449343,0.6278015621113642,0,0.5486111111111112,0.46602526486406426
37,Rust,0.0,0.9224409018841351,0.0,0.35695876288659795,0.0,0.011597938144329897,0.8543814432989691,5,0.1095360824742268,0.13402061855670103,0.09149484536082474,0.08247422680412371,0.22551546391752578,0.13144329896907217,0.08505154639175258,0.03608247422680412,0.10438144329896908,3.0356227196048007,0.0,4,0.061855670103092786,0.07216494845360824,0.07216494845360824,0.1172680412371134,0.16237113402061856,0.14175257731958762,0.08762886597938144,0.09020618556701031,0.059278350515463915,0.13530927835051546,3.2366718420111136,0.0,0,1.0,0.0,0,0.9935567010309279,0.7559243434483713
38,Rust,0.0,0.8492168577426126,0.0,0.6284584980237155,0.0,0.011857707509881422,0.9683794466403162,5,0.003952569169960474,0.03162055335968379,0.039525691699604744,0.05533596837944664,0.41106719367588934,0.40711462450592883,0.02766798418972332,0.015810276679841896,0.007905138339920948,1.9524440913005223,0.0,9,0.05928853754940711,0.08695652173913043,0.07509881422924901,0.11067193675889328,0.1383399209486166,0.10276679841897234,0.05533596837944664,0.06719367588932806,0.11462450592885376,0.18972332015810275,3.2181191103255,0.0,0,1.0,0.0,0,1.0,0.7087701910263018
39,Rust,0.0,0.9740273504167011,0.07216236532197444,0.4304685542470559,0.04434978702079679,0.002756201453269857,0.2711099974943623,1,0.2225006264094212,0.11099974943623152,0.05687797544475069,0.11150087697318968,0.16712603357554498,0.15058882485592584,0.06414432473064395,0.03883738411425708,0.07742420446003508,2.9871783191975085,0.09797043347531947,4,0.0749185667752443,0.07567025808068154,0.051365572538210974,0.10573791029817088,0.19443748433976446,0.11024805813079429,0.055124029065397144,0.07541969431220245,0.07216236532197444,0.1849160611375595,3.1704178659541253,0.993485342019544,0,1.0,0.0,0,0.9972437985467302,0.5405874182308692
40,Rust,0.9955947136563876,0.9564838007898007,0.5069750367107195,0.0,0.9992657856093979,0.0003671071953010279,0.14353891336270191,2,0.34691629955947134,0.6530837004405287,0.0,0.0,0.0,0.0,0.0,0.0,0.0,0.9312838568308126,0.0,4,0.05066079295154185,0.05616740088105727,0.07158590308370044,0.11563876651982379,0.16483113069016153,0.14537444933920704,0.10572687224669604,0.08113069016152717,0.06461086637298091,0.14427312775330398,3.2117463511546855,0.0,0,1.0,0.0,0,0.0,0.0
41,Rust,1.0,0.9719093132609635,0.8881539386650631,0.0,1.0,0.0,0.0,1,0.8045700541190619,0.19542994588093807,0.0,0.0,0.0,0.0,0.0,0.0,0.0,0.7126932818315174,0.057125676488274206,4,0.029464822609741433,0.05111244738424534,0.07696933253156946,0.13048707155742634,0.19963920625375828,0.16656644618159952,0.11605532170775706,0.06734816596512327,0.05472038484666266,0.10763680096211665,3.1302545961446473,0.0,0,1.0,0.0,0,0.0,0.0
42,Rust,1.0,0.9389128515575734,0.07711442786069651,0.0,0.8681592039800995,0.11691542288557213,0.746268656716418,2,0.05472636815920398,0.945273631840796,0.0,0.0,0.0,0.0,0.0,0.0,0.0,0.30614465939837954,0.0,4,0.024875621890547265,0.03482587064676617,0.05472636815920398,0.08706467661691543,0.2462686567164179,0.19900497512437812,0.13432835820895522,0.05970149253731343,0.05472636815920398,0.1044776119402985,3.000297819187615,0.0,0,1.0,0.0,0,0.0,0.0
43,Rust,1.0,0.9113708302897493,0.0,0.0,0.5017921146953405,0.3046594982078853,0.3906810035842294,2,0.0,0.8458781362007168,0.15053763440860216,0.0035842293906810036,0.0,0.0,0.0,0.0,0.0,0.6446191920940533,0.0,4,0.05734767025089606,0.035842293906810034,0.05017921146953405,0.07526881720430108,0.2616487455197133,0.24014336917562723,0.0931899641577061,0.06093189964157706,0.03942652329749104,0.08602150537634409,2.9598301537998393,0.0,0,1.0,0.0,0,0.0,0.0
44,Rust,0.3798076923076923,0.8686053301392423,0.9423076923076923,0.0,0.96875,0.0,0.0,1,0.8870192307692307,0.11298076923076923,0.0,0.0,0.0,0.0,0.0,0.0,0.0,0.508841902599902,0.0,9,0.06971153846153846,0.08653846153846154,0.06490384615384616,0.08173076923076923,0.18269230769230768,0.09134615384615384,0.038461538461538464,0.07211538461538461,0.0985576923076923,0.21394230769230768,3.147976232521565,0.0,0,1.0,0.0,0,0.7980769230769231,0.7866747541920459
45,Rust,0.5386810750900527,1.095962856461615,0.00889443059019119,0.048683845940703796,0.25865890828484345,0.03340260459961208,0.2181906345247991,8,0.02687725131615406,0.0010113604876697145,0.00016625103906899418,0.00033250207813798836,0.0006788584095317262,0.019229703518980328,0.1940980881130507,0.42194513715710724,0.33566084788029926,1.7859646347711835,0.21246882793017458,9,0.05714879467996675,0.07072596287060127,0.06913272374619008,0.10791077860903298,0.15177334441673593,0.1186893876420061,0.0830978110279856,0.08534220005541701,0.08071487946799667,0.17546411748406762,3.231998309753519,1.0,0,1.0,0.0,1,1.0,0.5911803110990427
46,ExposedRebars,0.5475477971737324,1.084700950315554,0.009226932668329177,0.048489886395123305,0.26559988916597393,0.034358548074258796,0.22360764754779716,8,0.02569963978941535,0.0013300083125519534,0.00022166805209199224,0.00033250207813798836,0.0006927126627874758,0.018938764200609588,0.1930590191188695,0.4221945137157107,0.3375311720698254,1.782841733544024,0.20655306178996952,9,0.05712108617345525,0.07089221390967027,0.06914657799944583,0.10818786367414797,0.15124688279301746,0.11870324189526185,0.08301468550845109,0.085785536159601,0.08052091992241618,0.1753809919645331,3.2324318639511613,1.0,0,1.0,0.0,1,1.0,0.5911803110990427
47,Rust,1.0,0.9742511100000834,0.0592108945061095,0.0,0.5200447719429158,0.15474302770263967,0.27225072288032837,9,0.07165376364145136,3.730995242981065e-05,0.0,0.0,0.0,0.0002611696670086746,0.024699188508534652,0.18556104840966328,0.7177875198209123,1.2023106501338512,0.07644809252868202,9,0.04292510027049715,0.05788639119485123,0.07691446693405465,0.1219102695644063,0.14871747038522526,0.13226378136367875,0.09713646115101203,0.08418990765786774,0.07900382427012406,0.1590523272082828,3.221078430777814,1.0,0,1.0,0.0,1,0.629736032086559,0.5911803110990427
48,ExposedRebars,0.9999439629408249,0.9858073630335165,0.06378885236102809,0.0,0.521648983861327,0.15118798565451286,0.27930738194859533,9,0.07565002988643156,7.471607890017931e-05,0.0,0.0,0.0,0.0002615062761506276,0.02502988643156007,0.18552002390914524,0.7134638374178123,1.2174589036329255,0.07585549910340705,9,0.043185893604303645,0.057904961147638975,0.07677077106993425,0.12137627017334131,0.1481619844590556,0.1318738792588165,0.0977099521817095,0.08465331739390317,0.07890017931858936,0.15946279139270772,3.221803391561509,1.0,0,1.0,0.0,1,0.6475642558278542,0.5911803110990427
49,Rust,0.9910280747327406,1.0173519548426797,0.25742831451693476,9.991008092716555e-05,0.39134778699170747,0.2854630832250974,0.27711060045958635,9,0.31219902088120693,0.001418723149165751,0.0,0.0,0.0,0.00013987411329803177,0.010310720351683485,0.11989209711259866,0.5560395643920472,1.4453019231117403,0.17927864921570585,4,0.04416025576980717,0.05517034668798082,0.07589169747227495,0.13429913078229594,0.16147467279448496,0.1358976920771306,0.09631331801378759,0.0744130282745529,0.07609151763412929,0.1462883404935558,3.2092957201058883,0.578039764212209,0,1.0,0.015427723476858774,0,0.13046258367469277,0.0
50,ExposedRebars,0.9919472474772705,1.0065516104027497,0.25802777500249774,9.991008092716555e-05,0.3927665101408732,0.2858227595164352,0.2778099710260765,9,0.3126386252372864,0.0015785792786492158,0.0,0.0,0.0,0.00013987411329803177,0.01015086422220002,0.11951243880507544,0.5559796183434909,1.4452694143431308,0.1783994405035468,4,0.04416025576980717,0.05499050854231192,0.07587171545608952,0.1345189329603357,0.16163452892396843,0.13573783594764713,0.09599360575482066,0.07433310020981117,0.07631131981216904,0.14644819662303926,3.2089453346851036,0.5732640623438905,0,1.0,0.015427723476858774,0,0.13110200819262663,0.0
51,Rust,0.8416832527722491,0.7963646467902334,0.16855274381575205,0.004776798407733864,0.074097241967586,0.4066533977822007,0.14040375319874893,1,0.540915553028149,0.23764572078475973,0.03764572078475974,0.01524026158657947,0.006312197895934035,0.007847597384134205,0.022177992607335797,0.017173727608757464,0.11504122831959056,1.92478316735121,0.38089280636906453,4,0.04446971851009383,0.05663918112027296,0.08001137332954222,0.13721922092692634,0.20790446403184532,0.12715382428205857,0.08439010520329826,0.06829684390105203,0.06175717941427353,0.1321580892806369,3.167886116684768,0.344782485072505,1,2.904761863730845,0.04590421232341886,1,0.6964458345180552,0.6949436135979602
52,Rust,0.8577928633085105,0.6895879966710965,0.1742476335386461,0.003101637137715615,0.09697005164518442,0.3975069859987418,0.06914309958888676,1,0.4212959576304663,0.22435662974938186,0.05796550160202484,0.03866805167444514,0.05733639595616743,0.013459934748577197,0.01831721554915071,0.03391318342087168,0.13468712966891486,2.4097165362118957,0.17670553466664715,4,0.04364237538587585,0.05723398340916738,0.07833096809117643,0.1315123407119135,0.19689543678951296,0.13626720896548697,0.0871091864054659,0.07019648578660151,0.06516364061974221,0.1336483738350573,3.18006836713966,0.2488185981185352,4,6.502480070203884,0.07069398721716555,1,0.21067723954294743,0.0
53,Rust,0.8710480935045027,0.8417851544842097,0.021460049817972792,0.0013412531136232995,0.00421536692853037,0.2720827744778693,0.3891550105384173,9,0.19122437248515042,0.058248706648783295,0.014753784249856294,0.037938302356773326,0.04847671967809925,0.0682123012071278,0.08890592067445871,0.16784824679057292,0.324391645909178,2.7095087216441733,0.07645142747652807,4,0.045027783100210765,0.061697643226671775,0.07338570607396053,0.11783866641118988,0.2134508526537651,0.13355048859934854,0.08105000958037939,0.07300249089863958,0.0641885418662579,0.13680781758957655,3.169272141015713,0.6759915692661429,0,1.0,0.0,0,0.8003448936577888,0.42539034257064806
54,Rust,0.7933814170555791,0.8447391102280009,0.0008485362749257531,0.005091217649554518,0.00021213406873143826,0.19834535426389477,0.3979635129401782,7,0.050912176495545185,0.04221467967755622,0.04051760712770471,0.07806533729316928,0.0587611370386084,0.2278319898175647,0.29444208739923633,0.14764531183708104,0.05960967331353415,2.781908347144648,0.16779804836656767,4,0.03818413237165889,0.05388205345778532,0.06173101400084854,0.12282562579550275,0.20280016970725498,0.15443360203648707,0.08888417479847263,0.07551972846839203,0.06851930420025457,0.13322019516334324,3.1538117361712663,0.9851506151887993,0,1.0,0.0,0,0.4613915994908782,0.445490407139437
55,Rust,0.17979359043997828,0.9690234950100525,0.0,0.055404671374253124,0.0,0.028517110266159697,0.14204236827810973,5,0.049158066268332426,0.029875067897881587,0.0043454644215100485,0.03503530689842477,0.4853340575774036,0.2262357414448669,0.09179793590439979,0.029603476371537207,0.048614883215643674,2.2384107811949954,0.056491037479630635,4,0.037479630635524175,0.060293318848451925,0.066811515480717,0.11841390548614883,0.19989136338946226,0.13579576317218903,0.09831613253666485,0.07821835958718087,0.06735469853340575,0.1374253123302553,3.174824856873784,0.16621401412275938,0,1.0,0.0,0,0.19690385659967408,0.513909413576582
56,ExposedRebars,0.1838952354416272,0.9596812982849775,0.0,0.05377542490944553,0.0,0.029256060183895236,0.1356923934243522,5,0.04569517971579827,0.032320980774589024,0.004179437169127891,0.029534689328503762,0.48620785734187794,0.22318194483142936,0.0941766508776818,0.03399275564224018,0.050710504318751744,2.2402688993329707,0.059626636946224575,4,0.03900808024519365,0.06157704095848426,0.06519921983839509,0.11813875731401505,0.2008916132627473,0.13652828085817775,0.09361939258846476,0.07773753134577877,0.06826414042908888,0.1390359431596545,3.1749382401643813,0.15965449986068542,0,1.0,0.0,0,0.19225410977988297,0.513909413576582
57,ExposedRebars,0.7792476229847044,0.8407424627617167,0.0008267879288962381,0.0062009094667217855,0.00020669698222405952,0.19243489045059942,0.41897478296816865,7,0.05704836709384043,0.046713517982637454,0.042786275320380325,0.07565109549400578,0.05663497312939231,0.2211657709797437,0.2854485324514262,0.1440677966101695,0.0704836709384043,2.8231993269958986,0.17093840429929724,4,0.03865233567589913,0.05374121537825548,0.0607689127738735,0.12525837122778008,0.20979743695742042,0.15171558495245968,0.08701942951632906,0.07337742868954113,0.06779661016949153,0.13187267465894997,3.1461457028202977,0.989665150888797,0,1.0,0.0,0,0.49297230260438196,0.4417884324608406
58,ExposedRebars,0.8202720827744778,0.8902819008823074,0.021460049817972792,0.003832151753209427,0.00421536692853037,0.26978348342594366,0.38283196014562176,9,0.18241042345276873,0.07970875646675608,0.024525771220540334,0.04981797279172255,0.056715845947499524,0.07146963019735582,0.07683464265184901,0.14485533627131633,0.3136616210001916,2.805145916070151,0.06725426326882544,4,0.04694385897681548,0.06476336462923932,0.07012837708373251,0.1117072236060548,0.20923548572523473,0.13125119754742287,0.08181643993102126,0.07702625023950949,0.06438014945391837,0.14274765280705115,3.1777367878050216,0.6984096570224181,0,1.0,0.0,0,0.8311937152711247,0.42539034257064806
59,ExposedRebars,0.848722037717078,0.652403697655482,0.1663764977834999,0.0033210925955728518,0.09275650685432547,0.3943760881333119,0.06829453848517214,1,0.4097233398194613,0.23215461368524234,0.06071601000716888,0.040248130971017246,0.05847756433702506,0.01357697765943439,0.018170911910579218,0.033445011777442905,0.13348743983262865,2.4290543440359205,0.17461339263507483,4,0.044008134482304576,0.057570481777881814,0.07803836081403344,0.1307661921551989,0.19749528170765607,0.1356527336834867,0.08677268803675148,0.06981609632631564,0.06533920498602801,0.13454082603034337,3.180112565685524,0.2471799973665345,5,6.301984015695905,0.07069398721716558,1,0.21652938508580707,0.29530706937391804
60,ExposedRebars,0.8168325277224907,0.8436521433183151,0.16531134489621838,0.004833665055444982,0.0727893090702303,0.4022746659084447,0.14427068524310488,1,0.537048620983793,0.23810065396644867,0.039124253625248795,0.016036394654535116,0.008302530565823144,0.008359397213534263,0.02388399203866932,0.017344327551890817,0.11179982940005687,1.9517983829199164,0.3887972704009099,4,0.04458345180551607,0.057037247654250785,0.08012510662496446,0.13653682115439295,0.20773386408871197,0.12681262439579186,0.08421950526016492,0.06875177708274097,0.06221211259596247,0.13198748933750357,3.1695749214523348,0.3420528859823713,1,2.904761863730845,0.04590421232341886,1,0.7003127665624111,0.6971391939822342
61,Rust,0.8002341006632853,0.8902895804026612,0.37339055793991416,0.0,0.14787358564182598,0.059695669137729224,0.41786968396410457,1,0.7101053452984784,0.17167381974248927,0.0003901677721420211,0.0007803355442840422,0.0,0.0,0.0011705033164260631,0.012485368708544674,0.10339445961763559,1.22847207272816,0.0019508388607101053,4,0.04564962934061646,0.04760046820132657,0.07374170893484198,0.13070620366757707,0.19196254389387438,0.16348029652750684,0.09598127194693719,0.060866172454155286,0.06164650799843933,0.12836519703472493,3.1559878597737825,0.0,0,1.0,0.0,0,0.0,0.0
62,Rust,0.0,0.9561326835654218,0.17123287671232876,0.0,0.06164383561643835,0.00684931506849315,0.6780821917808219,1,0.5308219178082192,0.22945205479452055,0.003424657534246575,0.0,0.0,0.0,0.0,0.0,0.2363013698630137,1.4921689215653895,0.0,4,0.023972602739726026,0.02054794520547945,0.0273972602739726,0.08904109589041095,0.3938356164383562,0.1643835616438356,0.07191780821917808,0.08904109589041095,0.04452054794520548,0.07534246575342465,2.719463057100927,0.7397260273972602,1,4.316583120830458,1.224594579250022,0,0.8013698630136986,0.5956339975228039
63,Rust,0.0,0.8954612056388228,0.5323741007194245,0.0,0.2158273381294964,0.0,0.0,1,0.8525179856115108,0.1474820143884892,0.0,0.0,0.0,0.0,0.0,0.0,0.0,0.603503007334195,0.0,4,0.03237410071942446,0.050359712230215826,0.0539568345323741,0.07553956834532374,0.2697841726618705,0.19784172661870503,0.08992805755395683,0.07194244604316546,0.050359712230215826,0.1079136690647482,3.007951295081443,0.0,0,1.0,0.0,0,0.0,0.0
64,Rust,0.0,0.9328016134946828,0.38461538461538464,0.0,0.06153846153846154,0.0,0.0,1,0.5846153846153846,0.4153846153846154,0.0,0.0,0.0,0.0,0.0,0.0,0.0,0.9792415350396868,0.0,5,0.06153846153846154,0.03076923076923077,0.06153846153846154,0.06153846153846154,0.09230769230769231,0.26153846153846155,0.2153846153846154,0.06153846153846154,0.06153846153846154,0.09230769230769231,3.009915701971283,0.0,0,1.0,0.0,0,0.0,0.0
65,Rust,0.0,0.9597506922291357,0.3712574850299401,0.0,0.08982035928143713,0.0,0.0,1,0.7425149700598802,0.25748502994011974,0.0,0.0,0.0,0.0,0.0,0.0,0.0,0.8229274844491257,0.0,4,0.03592814371257485,0.04790419161676647,0.041916167664670656,0.04790419161676647,0.24550898203592814,0.20958083832335328,0.1497005988023952,0.0718562874251497,0.059880239520958084,0.08982035928143713,2.992779790215556,0.0,0,1.0,0.0,0,0.0,0.0
66,Rust,0.0,0.9759888996891023,0.0,0.0,0.0,0.0,0.0,1,0.9230769230769231,0.07692307692307693,0.0,0.0,0.0,0.0,0.0,0.0,0.0,0.39124356362925566,0.0,4,0.03643724696356275,0.044534412955465584,0.02834008097165992,0.11336032388663968,0.3076923076923077,0.1214574898785425,0.0931174089068826,0.05668016194331984,0.07692307692307693,0.1214574898785425,2.9760921769216147,0.0,0,1.0,0.0,0,0.0,0.0
67,Rust,0.1176288612892953,1.0291689740616363,0.5165552067694827,0.0012146854101269277,0.6244574860106455,0.2639279377644329,0.37814931076839087,1,0.7162549474546199,0.2758109276193076,0.004353760065511123,0.00037304945179928117,0.0001182839725217233,3.639506846822255e-05,3.184568490969474e-05,4.0944452026750374e-05,0.0029798462308357216,0.9239217357966597,0.09459988171602748,9,0.07705290933078568,0.08228470042309267,0.06494699968154315,0.08579682453027615,0.14221373003957963,0.08416814521632318,0.06400072790136936,0.08908602884309176,0.09505027068832174,0.21539966334561667,3.2067000212414722,0.7242846094354215,6,19.310905584950373,0.4728402236597912,1,0.5599244802329284,0.4916806045483534
68,ExposedRebars,0.11716937354988399,1.0377651935848864,0.5172285155361449,0.0014239570538192076,0.629443610390792,0.26283608571038625,0.37519676083890635,1,0.7145125335517037,0.2779900823438424,0.004076247668440927,0.0003321049997725308,0.0001182839725217233,1.8197534234111277e-05,3.639506846822255e-05,4.0944452026750374e-05,0.002875210408989582,0.9233679190546031,0.09404485692188709,9,0.07714389700195623,0.08239843501205586,0.06489695646239935,0.08555570720167417,0.14191802010827534,0.08416359583276466,0.06403712296983759,0.08900868932259678,0.09517765342796052,0.2156999226604795,3.2065167281095737,0.7269096037486921,6,19.310905584950373,0.4728402236597912,1,0.5644192711887539,0.49054673718889286
69,Wetspot,0.8784384884771803,0.8146918963673292,0.010873248983280615,0.0,0.04827298915499322,0.9353041685494804,-0.8721545978309987,2,0.023631665160415725,0.6393258585630366,0.3316482150926344,0.004970628106642567,0.000127089923181202,6.3544961590601e-05,0.00016945323090826933,0.0,6.3544961590601e-05,1.1119423728374034,0.0072300045187528245,9,0.07278722322638952,0.08407704473565296,0.06914397876186172,0.07534314279258925,0.08275672164482603,0.0850655219159512,0.08501609805693629,0.1015307275192047,0.11823599186624492,0.22604354948034341,3.2094959235882063,0.0,0,1.0,0.0,0,0.0,0.0
70,Wetspot,0.2117606053953216,1.0204407199339849,0.2594562009979943,0.054920697529325234,0.39697376760847264,0.30583825446498897,0.006763687692023346,2,0.3455496473033935,0.5772453322120471,0.07034458464656537,0.0028292630892179154,0.0007367743423916886,0.00031257093313586786,0.0003683871711958443,0.00022822639562301465,0.0023852139064296585,1.3197254403822036,0.06898762988128507,9,0.08023150094825586,0.08666773337699403,0.06880405647611003,0.07956914825661081,0.10488863420146188,0.08181048030493031,0.0718813917344834,0.09569507961256088,0.10292762370428805,0.2275243513843047,3.2113168555060696,0.4014911618087934,17,10.582051335360752,0.6011282707237989,1,0.26434694381289403,0.0
71,Wetspot,0.9624694950964788,0.8309179107781635,0.00010610401224743455,0.0,0.00941294165795098,0.9906173737741197,-0.9812347475482395,2,0.051339184211722975,0.7727858366301366,0.1517590529459021,0.019417034241280523,0.0006214663574492595,0.0002576811726009125,0.0015006138874994316,0.0002879966046716081,0.0020311339487366045,1.075837469335802,0.0023342882694435602,9,0.08216997862762039,0.09552392645476179,0.05926666969820987,0.055401452109196184,0.055613660133691054,0.06796719870249951,0.08066936474012096,0.11193973292104346,0.13378200172797963,0.25766601488487717,3.1271589854508055,0.0,0,1.0,0.0,0,0.0,0.0
72,ExposedRebars,0.7942212901530227,1.0148623068284017,0.13549985786540658,0.0024994234162719975,0.10954554475094265,0.5816254833917068,-0.18907119065880723,1,0.3513352606426629,0.07077766395091262,0.003035780372553542,0.007836175131273364,0.007342726731494344,0.07666686333088397,0.19854325450673932,0.09511217905740628,0.18935009627607366,2.457473656978578,0.11175533541082261,4,0.042452653089684246,0.05781391631758768,0.07687604254383378,0.1301201975939027,0.20838004108494285,0.13658866248665813,0.08145116738091535,0.0733092687845615,0.0631345773239006,0.12987347339401317,3.1675436559073624,0.3941901814495583,6,4.57237545559325,0.03278207966434102,1,0.43812854330814244,0.5213312465469242
73,Rust,0.7942212901530227,1.0148623068284017,0.13549985786540658,0.0024994234162719975,0.10954554475094265,0.5816254833917068,-0.18907119065880723,1,0.3513352606426629,0.07077766395091262,0.003035780372553542,0.007836175131273364,0.007342726731494344,0.07666686333088397,0.19854325450673932,0.09511217905740628,0.18935009627607366,2.457473656978578,0.11175533541082261,4,0.042452653089684246,0.05781391631758768,0.07687604254383378,0.1301201975939027,0.20838004108494285,0.13658866248665813,0.08145116738091535,0.0733092687845615,0.0631345773239006,0.12987347339401317,3.1675436559073624,0.3941901814495583,6,4.57237545559325,0.03278207966434102,1,0.43812854330814244,0.5213312465469242
74,Rust,0.14751831881653532,0.7677771800562907,0.7474077146412277,0.030969169086133,0.6864371630029034,0.06802156781418499,0.24955067053781277,1,0.8224802986312734,0.05792893681736486,0.0167288815152772,0.008157057928936817,0.006912760956726116,0.02018526199364026,0.005806719203649938,0.006636250518457071,0.05516383243467441,1.1102808949354015,0.0,4,0.04811281625881377,0.05848195769390294,0.08433568367205863,0.12954514032904743,0.1715747269459422,0.13535185953269735,0.09346052813493709,0.071201437854279,0.06553297386976359,0.142402875708558,3.208925915235092,0.06788331259505047,1,4.4491227714896935,0.32045983941355316,0,0.1648002212083506,0.0
75,Rust,0.0,0.8981309833377239,0.5724815724815725,0.08886158886158886,0.4283374283374283,0.0,0.0,1,0.6683046683046683,0.22153972153972154,0.020065520065520065,0.04832104832104832,0.009009009009009009,0.004095004095004095,0.0,0.0,0.028665028665028666,1.4352362335217308,0.0,4,0.04054054054054054,0.044226044226044224,0.07616707616707617,0.1429156429156429,0.21007371007371006,0.1678951678951679,0.095004095004095,0.05896805896805897,0.054873054873054876,0.10933660933660934,3.117990302105479,0.0,0,1.0,0.8529588111086338,0,0.6674856674856675,0.7552448902664384
76,Rust,0.0,0.9899525389710855,0.6029174870234473,0.03230714157866476,0.48568104528369427,0.00017898693395382138,0.037229282262394844,1,0.7296402362627529,0.1767495972793986,0.016198317522820836,0.010649722570252372,0.008054412027921962,0.009307320565598711,0.01431895471630571,0.01557186325398246,0.01950957580096653,1.35070715043888,0.0,4,0.05181671737963129,0.0677465545015214,0.0837658850903884,0.1271702165741901,0.15706103454447826,0.12027921961696796,0.09361016645784857,0.07597995346339717,0.06747807410059066,0.15509217827098623,3.2312374832388437,0.0,0,1.0,0.9108268522009373,1,0.736441739752998,0.7027462525565826
77,Rust,0.055579036348267115,0.8979367671398877,0.5893913778529163,0.0,0.624894336432798,0.0,0.0,1,0.7119611158072696,0.2789518174133559,0.0014792899408284023,0.0008453085376162299,0.0,0.0,0.0,0.0,0.006762468300929839,0.9340391796064662,0.0,4,0.0253592561284869,0.046703296703296704,0.0765004226542688,0.13334742180896028,0.23393913778529163,0.17624683009298395,0.09129332206255283,0.06614539306846999,0.052409129332206254,0.09805579036348266,3.069751913653328,0.0,0,1.0,0.0,0,0.0,0.0
78,Rust,0.0,0.9779582142740149,0.36827810972297664,0.0,0.9527430744160782,0.0021727322107550242,0.2781097229766431,2,0.28625746876697444,0.7137425312330256,0.0,0.0,0.0,0.0,0.0,0.0,0.0,0.8638375750238048,0.21944595328625746,4,0.020097772949483977,0.030418250950570342,0.054318305268875614,0.1374253123302553,0.3193916349809886,0.2216186854970125,0.07658881042911461,0.03476371537208039,0.03530689842476915,0.07007061379684953,2.7874034679433546,0.0,0,1.0,0.0,0,0.0,0.0
79,Rust,0.015551366635249765,0.9491027546099536,0.33977379830348725,0.04806786050895382,0.380301602262017,0.0,0.0,2,0.37134778510838834,0.5852968897266729,0.027803958529688973,0.000942507068803016,0.0,0.0,0.000471253534401508,0.0,0.01413760603204524,1.2282618539109633,0.1588124410933082,4,0.017436380772855798,0.034872761545711596,0.04429783223374175,0.14561734213006597,0.3510838831291235,0.20452403393025448,0.06738925541941565,0.03958529688972667,0.029688972667295005,0.06550424128180961,2.728018237077323,0.0,0,1.0,0.419431659313514,0,0.18567389255419417,0.8047010984510574
80,Wetspot,0.949240943593473,0.897435904239665,0.0,0.00011363119858188264,0.0,0.8269169583200764,-0.7228194172992137,2,0.16492432162174447,0.7395800190900413,0.013828916867415117,0.01629471387664197,0.0011476751056770146,0.0025112494886596064,0.007636016544702514,0.0005681559929094132,0.053508931412208534,1.2516516595550264,0.0,5,0.023851188582337167,0.043623017135584745,0.036214262988045996,0.09664333439389118,0.11683559838189173,0.20082041725376118,0.11166537884641607,0.09356392891232217,0.15500431798554612,0.12177855552020363,3.1116303576379507,0.0,0,1.0,0.0,0,0.0,0.0
81,Crack,0.0,0.9790927815527032,0.6122569239835003,0.0,0.5598114319387154,0.0,0.0,2,0.417796110783736,0.582203889216264,0.0,0.0,0.0,0.0,0.0,0.0,0.0,0.9804132342047267,0.23453152622274603,9,0.08014142604596347,0.08426635238656452,0.07601649970536241,0.08014142604596347,0.10076605774896877,0.08190925162050677,0.08308780200353565,0.09605185621685328,0.09074837949322334,0.22687094873305833,3.218844455389959,0.0,0,1.0,0.0,0,0.0,0.0
82,Rust,1.0,0.9515827924423611,0.0,0.0,0.0,1.0,-1.0,2,0.27417519908987487,0.3371255214258627,0.0,0.028062191884717484,0.007963594994311717,0.0030337504740235114,0.2161547212741752,0.0,0.1334850208570345,2.1317161534678033,0.0,9,0.03678422449753508,0.06750094804702313,0.05043610163064088,0.09821767159651118,0.14827455441789913,0.13462267728479332,0.09290860826697005,0.08949563898369359,0.09670079635949944,0.1850587789154342,3.188165585281429,0.0,0,1.0,0.0,0,0.0,0.0
83,Rust,1.0,0.9390760140730244,0.0,0.0,0.0,1.0,-1.0,2,0.16903765690376568,0.6691771269177127,0.0,0.0,0.0,0.0,0.001394700139470014,0.0,0.1603905160390516,1.2580413220343876,0.0,9,0.04630404463040446,0.06861924686192468,0.06304044630404464,0.08926080892608089,0.14421199442119945,0.1403068340306834,0.08228730822873083,0.08675034867503487,0.09428172942817294,0.18493723849372384,3.20740966216835,0.0,0,1.0,0.0,0,0.0,0.0
84,Rust,0.0,0.7574834461246602,0.07575757575757576,0.09090909090909091,0.007575757575757576,0.12878787878787878,0.7424242424242424,9,0.20454545454545456,0.0,0.0,0.0,0.030303030303030304,0.10606060606060606,0.13636363636363635,0.15151515151515152,0.3712121212121212,2.299674984869255,0.0,9,0.05303030303030303,0.07575757575757576,0.08333333333333333,0.09848484848484848,0.05303030303030303,0.10606060606060606,0.05303030303030303,0.13636363636363635,0.11363636363636363,0.22727272727272727,3.1617812845851265,1.0,0,1.0,0.0,0,1.0,0.3403823727291242
85,Rust,0.0,0.7671954766807203,0.0,0.08273381294964029,0.014388489208633094,0.0,0.34172661870503596,9,0.03597122302158273,0.01079136690647482,0.0,0.0,0.017985611510791366,0.06474820143884892,0.15827338129496402,0.302158273381295,0.41007194244604317,2.0730361256023815,0.0,9,0.0683453237410072,0.11151079136690648,0.0683453237410072,0.07553956834532374,0.12589928057553956,0.0683453237410072,0.03597122302158273,0.11870503597122302,0.1079136690647482,0.21942446043165467,3.168791764424948,1.0,0,1.0,0.0,0,1.0,0.3403823727291242
86,Rust,0.0,0.993030211774133,0.0055658627087198514,0.14162028447742733,0.01422387136672851,0.0030921459492888066,0.3129251700680272,9,0.09647495361781076,0.021026592455163882,0.0030921459492888066,0.009894867037724181,0.030921459492888066,0.09833024118738404,0.13358070500927643,0.28633271490414347,0.3203463203463203,2.449076890167019,0.0,9,0.11193568336425479,0.10265924551638837,0.05318491032776747,0.06184291898577613,0.06246134817563389,0.07792207792207792,0.03896103896103896,0.12554112554112554,0.09771181199752628,0.26777983920841064,3.096129624745051,0.0,0,1.0,0.0,1,0.9925788497217068,0.8174485946437261
87,ExposedRebars,0.0,0.9545797569104937,0.005548705302096177,0.16646115906288533,0.014180024660912454,0.0030826140567200987,0.3212083847102343,9,0.08508014796547472,0.02281134401972873,0.0030826140567200987,0.007398273736128237,0.03945745992601726,0.11775585696670776,0.1442663378545006,0.279901356350185,0.3002466091245376,2.4906909825475627,0.0,9,0.11528976572133169,0.10357583230579531,0.054870530209617754,0.06288532675709001,0.056103575832305796,0.07459926017262639,0.03945745992601726,0.13008631319358815,0.09741060419235512,0.2657213316892725,3.0935440525971565,0.0,0,1.0,0.0,1,0.998766954377312,0.8174485946437261
